{"cameraMode":{"drawMode":0,"name":"Shaded","section":"Shading Mode"},"sceneLighting":true,"audioPlay":false,"sceneViewState":{"showFog":true,"showMaterialUpdate":false,"showSkybox":false,"showFlares":true,"showImageEffects":true,"showParticleSystems":true,"showVisualEffectGraphs":true,"m_FxEnabled":true},"in2DMode":false,"pivot":{"x":-9.103456497192383,"y":-6.915051460266113,"z":-10.440122604370118},"rotation":{"x":0.05497652664780617,"y":-0.002200361341238022,"z":0.00014885464042890817,"w":0.9985606670379639},"size":29.465187072753908,"orthographic":true}