{"cameraMode":{"drawMode":0,"name":"Shaded","section":"Shading Mode"},"sceneLighting":true,"audioPlay":false,"sceneViewState":{"showFog":true,"showMaterialUpdate":false,"showSkybox":false,"showFlares":true,"showImageEffects":true,"showParticleSystems":true,"showVisualEffectGraphs":true,"m_FxEnabled":true},"in2DMode":false,"pivot":{"x":4.4192633628845219,"y":-14.320892333984375,"z":-0.39491355419158938},"rotation":{"x":0.08937861025333405,"y":-0.9066161513328552,"z":0.32957005500793459,"w":0.24975451827049256},"size":54.47327423095703,"orthographic":false}