{"cameraMode":{"drawMode":0,"name":"Shaded","section":"Shading Mode"},"sceneLighting":true,"audioPlay":false,"sceneViewState":{"showFog":true,"showMaterialUpdate":false,"showSkybox":false,"showFlares":true,"showImageEffects":true,"showParticleSystems":true,"showVisualEffectGraphs":true,"m_FxEnabled":true},"in2DMode":false,"pivot":{"x":-0.39226627349853518,"y":-0.11966967582702637,"z":0.13523626327514649},"rotation":{"x":-0.11195152252912522,"y":-0.5046003460884094,"z":0.06602344661951065,"w":-0.8537597060203552},"size":28.91925048828125,"orthographic":false}